PC1,PC2,PC3,PC4,PC5,PC6,PC7,sex___1,sex___2
-1.4771366387144491,1.6915527724318782,0.9573524210059796,0.5133837038834569,-1.1265186087452383,0.21263493353539495,-0.45538712188422165,1.0,0.0
-2.171149205137083,-1.5571302162214047,-0.08765650962637445,1.356526965694754,0.31003371222633846,-0.3191668636187732,-0.22762904894534783,0.0,1.0
3.1054248844140337,1.459959013174563,-0.3241703402692622,-1.4221750635129535,0.6020965890701722,0.05343689103029274,-0.30245006656617796,0.0,1.0
0.7310029599856471,0.7777006532965071,1.306709358035582,0.4921086726590768,0.7691461184596465,1.659222837368416,-0.659452171015628,1.0,0.0
-2.454057266066217,-1.0504126835663021,-0.7521102144266674,-0.7589583678183798,0.6633324483208194,1.0894118943836875,-0.06201532150295744,1.0,0.0
-0.29100022630515027,0.2086344867781333,-1.8988870751143516,0.627407063303491,0.6527194307563391,0.6006344457093004,0.37188675115099856,1.0,0.0
-0.1610928052631403,-0.13252956273988975,-0.5374297898072392,0.35246515523874106,0.9003164242896081,-0.11025619303189768,0.09619995002830732,0.0,1.0
-1.4294471914688684,-0.934335954720762,0.8328897330270456,1.5384955967872012,0.44656799941608827,-0.6735930965684345,-0.506673469508792,0.0,1.0
-2.2629931001856005,1.1637152628728773,0.19425379599778564,-0.622390608940441,0.8613592122789138,-0.4458893239364901,0.39602376715533355,1.0,0.0
1.9492759376658844,-1.440843383741503,0.7770281846704438,0.003451181879432096,-0.8798668853480923,-0.11760706774448627,0.0002032010072544554,0.0,1.0
0.39190871960710905,0.49059881248102943,-0.8941227021785271,0.7509049653313109,0.08886099576707981,-0.2643010503410684,0.11221114818223249,0.0,1.0
2.1092286163157135,-0.13686821915492559,0.8409748656024653,0.16909731027076758,-0.8870646786264241,0.34090086566459626,-0.4578122924915056,0.0,1.0
2.374158436954373,-1.7912568856342321,0.10774513666282817,0.6898067694547482,0.1802559006894417,1.9379406058799253,-0.893179685682374,1.0,0.0
0.4501689146801834,0.853906955730492,0.7133218816418883,-0.420717686866076,0.3880053985197784,0.04510621051524471,1.2513983625480318,0.0,1.0
1.9803410355839657,-0.4832188970435094,1.3730506030084761,-1.187374297295936,0.04757503855172261,0.48617583791272717,1.3685452727272498,1.0,0.0
2.0256224264070095,0.7217403828166504,-1.4007253235240595,-0.681640940709979,-0.26298723726277046,1.1024839450564947,1.1830079868254169,0.0,1.0
2.369593103277211,3.0760537159659225,-0.4066647047781755,0.3747560239622555,-0.3978976786124147,-0.16421846123700218,-0.30934133840986827,1.0,0.0
2.1169049472133197,1.5479675600482512,0.2471233608083219,-0.12902857974753282,-0.21503943088698577,0.365967620859623,0.10434224193771882,1.0,0.0
1.2194977801854352,-1.011107086830705,0.6809880566673517,-1.7174898775800387,-0.8303846582600392,-0.5100130252685926,1.341333456456179,1.0,0.0
-1.3414751870790165,-1.2198694919762925,1.2101583807705822,0.4120284475497938,-0.3136432823537848,0.41782799766855155,0.6635987108934184,0.0,1.0
1.9300194288049135,-0.12890691334952908,-1.090764901973974,0.5351575200037926,-0.6807393023561195,-0.8563177695962393,-0.14459021938359098,0.0,1.0
0.842199528354004,0.44307450005681354,0.572483244063703,0.7383389581401111,-0.4752959494928653,-0.5861756895113225,-0.4602191014571179,0.0,1.0
-2.4802198175947554,0.014844585236663597,0.21829076648147946,0.933783998652686,-1.185674354120704,-0.3859942815463946,0.8639586717158226,0.0,1.0
-1.123596058118839,-0.01973332243488777,0.8418641232846121,1.4537659554518938,0.2275325668693535,-0.5377494332186306,-0.10762129243217906,1.0,0.0
1.7065244516940017,-1.7467585382983606,1.6983969677170008,0.22275411260284042,-0.16612673041564216,0.4964609125269172,-0.5362723873497427,1.0,0.0
1.049319213822083,-2.04986175335739,0.6130407545279213,0.43976859992510914,0.6129270110400987,0.15573910202381763,-2.146848890429163,1.0,0.0
-3.247884765786311,0.22867127090850303,-1.6560989350588735,-0.3263034939374385,-0.18382833619582048,0.8593582944729309,0.5693480473205184,1.0,0.0
2.1534928710631824,2.656115731049632,0.9142343758548177,-1.1823273651722415,-0.8946292522714347,0.9615785045325148,-0.22143290329740814,1.0,0.0
-0.9611886488009121,1.3373275110564171,-1.8348317744896196,0.28400293962823253,-0.706653038163005,0.08137653289215112,-0.04187275446778508,1.0,0.0
1.4286515800854325,0.12818515106435052,0.4297710267705307,-0.47949225375730026,-0.050347198264726445,-0.026617288633498583,-0.02712796694371005,1.0,0.0
-3.0748033195254343,-0.692151130046423,-1.6812921473155713,-0.7837016418667807,0.08464436085102796,1.0916634068947553,-0.8309989629949367,1.0,0.0
-1.1664347210635557,-0.275485073907659,0.38733757415649495,0.3011346412348898,0.43476959606023025,-0.09565938753528645,0.15106390626663743,0.0,1.0
-2.6086138619121035,0.02283188617669275,-1.2116364882160293,0.813179086236335,1.13421115819638,-0.539392113621503,-0.5867204131059068,1.0,0.0
-1.5529497001965453,0.9215546422514883,0.2222522151103435,-0.7272289883612927,1.1349196363040015,0.07300570788377611,0.27744339432759924,1.0,0.0
-2.7965355354060244,1.5583562793953736,-1.029953478455609,-0.041244494902515784,0.4620153512798987,0.058008616947453774,-0.814534217884186,1.0,0.0
0.4009635597705543,0.9918246698688671,-0.6609897029404646,0.1805880926145277,-1.0317315940057492,0.5543887105015335,-1.2764646035503988,1.0,0.0
-2.427006807010396,0.06769418633546345,-0.24001006433944988,0.4105928450475496,0.05816076288650631,-0.22903133849845186,0.4880409073323963,1.0,0.0
-1.5538695864406722,0.019379059286657806,-1.7472108259960488,-0.1476903032710047,1.7985962814146321,1.1164851161568774,0.015357243692845675,0.0,1.0
-0.14111215035072888,0.06098943290207778,1.7872957123945246,-1.3995699779453177,-0.01560056407641129,1.0361400630022135,0.7462194654524973,1.0,0.0
-1.021555570072647,-0.6386448001790687,-1.1438698667516973,-0.007822017453410183,0.0632030586449667,-0.10197919881864619,-0.01788411829178446,1.0,0.0
-0.37609726061258003,-1.4962898296366054,0.7272844356316825,-2.2894929050414974,-2.1437164032154103,-0.13786661740677494,-0.3455009598071557,1.0,0.0
0.2818992997828516,-1.3358746490493953,0.33820017151520215,-0.1935765399160345,-1.183501350598367,-0.7126981090920587,-0.042285579263018,1.0,0.0
-1.2377469978083708,0.9032033386301499,0.15047365207996347,0.532844280820398,0.8378131557488364,0.07871758640558926,0.39689511123837506,1.0,0.0
-0.5102379210249283,1.6260248343301202,-0.53610766921571,-0.13949576305229153,0.6577830413667994,-0.3422816733079917,0.4530524749381341,1.0,0.0
-0.7735470323956893,-0.3814202762737865,1.7686092050501088,-1.7547030116160163,-0.8672230932798237,0.263915410397923,0.7364446465591252,1.0,0.0
-0.22101654844395277,-0.5213464142844382,2.1275308240654804,-0.5878738233669775,1.0941873451925432,0.24078284243633655,-0.14836965828684745,1.0,0.0
0.7407273408563432,-0.7414189646755436,-1.7657478131910571,0.8833416442977133,0.46844209046182317,-0.30297132050898357,0.3711674920956735,0.0,1.0
0.10038559576344513,-1.2755410972537833,0.5725315361299544,0.6349214825397653,-0.46944409034201173,-0.1818954700198487,0.6885423606958101,0.0,1.0
-1.3856318771203922,-1.040025245033196,-0.05900928374313314,-0.5625019007092192,1.227228469740952,1.043063637422753,1.0148819423801,1.0,0.0
0.35190328581516167,-0.9863171454399029,0.5246031147146886,0.5892875941709053,-0.55424623784033,-0.5682517401798673,0.9230901398354107,0.0,1.0
-0.47465980277949843,0.8545946568251611,1.7169790635308089,-0.23659237098184902,0.5889864598411291,0.20473980171351994,1.2714819392842798,0.0,1.0
0.9423454251983708,-0.5299024524752722,0.9056599905245251,0.49897176340338656,-0.6193698776003724,-0.586865069180304,0.917235414696132,0.0,1.0
1.6937174099006194,0.3865258706045994,-2.513006999432477,-1.1823924706112587,-0.5562713071682848,0.43588907831135715,-1.0397439874110934,0.0,1.0
-0.8847078528402023,2.059117082075326,-0.5108321264655866,-0.7177286568035732,-0.1882127999109372,0.22972195878007556,0.1427187269549081,1.0,0.0
2.0921349125104296,0.22304382663998099,0.45862693450602293,0.9185978688305416,-0.8713879129053128,0.23146378758768363,0.4472755566230455,0.0,1.0
1.2841323384246253,-0.4694367660575077,-1.0441129205239559,-0.8347995479751736,-0.47207318633495937,-0.388245056163794,-0.1252396718190828,0.0,1.0
0.6589320062775086,-0.8120059198790309,-0.4045655326563784,0.5941880504399406,-0.1430890332667216,0.6511904313467809,0.41280775196567454,1.0,0.0
1.1120853963668802,0.3057001112129019,-1.645630858449899,0.10466831497039875,-1.1189207720392138,-1.0184148713530614,-0.7909281037075953,1.0,0.0
-0.9934325273588204,-0.08645758776875107,-0.32483887771824793,-1.5678215866150165,-0.2854130996119735,-0.5604048331622913,-0.2996606049040337,1.0,0.0
2.3130926476684692,-1.6813507450974423,1.0468290469365906,-0.994919393588877,-0.5315975396608948,0.5534579963709786,-1.2659065418327378,1.0,0.0
0.7617846446748262,0.35219328482027773,-1.403187203837036,0.1515896537274785,-0.02654912871427452,0.2689001642566546,0.26601832659654606,1.0,0.0
1.66088857177597,0.7100755379618657,-0.28479532215186515,0.6733870673940505,-1.6059048724203813,-0.6568094906793527,0.08301583376351593,0.0,1.0
1.1024744879032047,-1.431877655376165,-0.4568575199423651,1.2367666761962666,-0.8441881829658586,0.7801281187447267,0.9690630592018994,0.0,1.0
-2.287680487431457,-1.213680976539575,-0.5200463255076915,0.8522779844965304,-1.2459626830165835,0.08411289988411025,-1.1459865330510428,1.0,0.0
1.02790509759237,1.969024421397856,0.5573469498596404,-0.6629529066986323,-0.5834233802118854,0.33027840795165847,0.653017069556557,1.0,0.0
2.052963099312515,-0.6081900900013033,0.9059538736591555,-0.07782552462116185,-0.7036380052691749,-0.1985297312617497,0.3291407801460259,0.0,1.0
4.004987545903989,-0.24517163141663967,-0.9660972413134963,-0.43996359943016355,1.4830531374701323,-0.9814023408798865,-0.1407345812336713,0.0,1.0
-0.11708177331837236,-1.490392608348042,-1.312390578289234,0.09347220567543486,0.6623204986302922,0.6303188198491407,0.46591514960073743,0.0,1.0
-0.9473517997737478,-0.7606365782326274,-0.6855211336867596,-0.6042535985248332,-0.4429319088043824,0.016124653993264952,0.6976100384743056,1.0,0.0
0.46665669531676607,0.5298713922469225,0.5711723595011152,0.23304423567840948,0.6073624020735036,-0.9957510053269512,0.6521894083229085,0.0,1.0
-0.4074882132280305,0.184256814797169,-1.3388987886020534,-1.4816607327110303,0.14408315051353424,-0.4086253953854003,0.18806408141048342,1.0,0.0
4.2271091631903115,0.4654141082063177,-2.2999015660838262,-0.6500558461415528,0.23991974812907443,-0.6381796916694819,-0.9768755772383566,1.0,0.0
-3.892129452925214,0.06265347715764633,-0.6368426058684882,-0.6295603175714981,1.1152870449825516,0.2280273211229234,0.3960001490894037,1.0,0.0
-0.3190448077721214,0.18693608571553846,1.2842903317344243,-1.344419851073817,-0.6969458363260596,-0.09188807452969971,1.5682131441448988,1.0,0.0
-1.2133350080220575,0.6488525190960062,0.5796966004335902,0.33216963142965905,0.8905195086861364,0.48452045624841034,0.21751104944026495,1.0,0.0
-3.819911046863438,0.10487757167806885,-0.5552532475006354,-0.8150981718172116,0.00038824479035812307,0.21176866890151058,0.8650853737967827,1.0,0.0
-1.7459082520094185,0.11499692641831392,-0.6563548111131429,-0.997414132129402,-0.041236770914551094,0.32137194990265044,0.5406869350352091,1.0,0.0
-1.1568790743530188,-0.10752813076885122,0.477987391074674,0.09595371964603601,1.371089172071082,-0.0021314441732776745,0.61126613082141,0.0,1.0
1.863375397390101,0.8932004697847499,-0.12053938293232665,1.324426617535884,-0.3286883110477351,-1.5742644386547942,-1.0578452466861055,1.0,0.0
-3.0662454300545945,-0.9847987801350381,-0.6432614702659659,0.3351597829337925,0.2714896178046901,-0.12569807585718126,0.5268990579401212,0.0,1.0
-2.6725369701998205,0.2563047814161202,2.3002396761482427,0.17444784649947148,0.8767207756336257,0.32627293002893953,-0.4484033331895123,1.0,0.0
3.568362746880289,2.038066735852668,-0.688969204897034,1.2938686397207269,-0.5161618707922115,-0.15501920322343193,-0.3013565203296974,0.0,1.0
-1.009353331662617,-0.2963143743116046,-1.3169187562636815,-0.7383948511820875,0.1648806554888589,-1.046291286126956,-0.6450256402792848,1.0,0.0
-2.8063894512312686,-0.03484143399398849,-0.35996490236467327,1.3530590623213061,-0.3989134372940496,-0.0371574833036066,-0.08889506119618658,1.0,0.0
2.6074459546193194,0.5470664416055754,0.6685684823821019,0.6986375543282591,0.3387859688628343,-0.9775509941909848,-0.25316159644231134,1.0,0.0
1.815987380962581,-0.41918214435558615,-0.8185942694096238,-1.251264747173424,0.44888924004410913,-1.7056025101218646,-0.2924092902427397,1.0,0.0
-0.6513578093136507,-0.012204491734149179,0.7093919715609216,-0.10066222433904841,-2.2270265773684637,-0.7848702917314762,-0.667512342370189,1.0,0.0
0.47123974187532497,-1.6871052106572553,-2.1383770988566195,0.35844233718953045,0.8115059839603687,0.021444299204411044,-0.4924759142930918,0.0,1.0
3.0578065172174624,-1.159151984364038,1.1924790121033035,0.1648622424257524,0.8777048395510754,-0.6314788953112056,-0.6024758310894192,1.0,0.0
-2.70281818899121,-0.8743059989012744,-0.7660710994745288,0.16717394882844622,0.2690475059258344,1.3815970459907398,0.5626765466243209,0.0,1.0
1.2143125757401456,-2.1713290656516286,0.19836774577661678,0.5524677061883728,-0.34296450844903104,0.8233795592580273,-0.26055181213053513,0.0,1.0
1.8400497202796806,0.5284880026640043,-0.954052094718187,0.42126307971806853,0.33146205150153024,-0.30950954827250265,0.14851658025623554,0.0,1.0
3.5996225050946298,-1.0719963852292511,1.6493958027165405,-0.8035511456807027,0.8332173075505988,-0.6938122520238565,0.18943166611881163,0.0,1.0
-0.5886528687500964,0.8773132913484881,-0.485323106271849,-0.29318004378312146,0.001649000837624819,0.24028291251896572,0.07129688539371379,0.0,1.0
0.1531448245817827,2.6846585612109313,-0.16505845852073744,0.7305535247696903,-0.3658960811831122,0.5285978896041537,-1.5293252327414018,1.0,0.0
0.9486860617142194,-2.6950291485495863,0.1566065111751016,0.30929379190691914,0.24011523028574122,0.04993601526741683,-0.24481295235888692,0.0,1.0
1.436352417334307,0.47450904845907094,1.8101938403490456,-0.13183258700156586,-0.30238231659832426,0.8804310184114837,0.9301718840473351,0.0,1.0
-2.2870351994162417,-0.48533811072498295,-0.9027030615170931,-0.40620404462678095,-0.7869411362641784,0.8525238275958815,-0.620976626914527,1.0,0.0
1.1423560481544568,1.2716949504969455,-1.202911321038481,-0.3215666000819482,1.6789754835574062,2.1989165290426493,-1.4414923962195065,1.0,0.0
4.265951857599331,-2.349432263666084,-0.46565514958440973,0.24705632754427667,0.8852448200077202,1.0385733442542644,-0.5383830170489957,0.0,1.0
-1.0277394509466673,1.9618085858940058,3.919071638184046,-0.7871906886361599,0.29108992125749616,0.9343227588962922,0.6964754598878172,1.0,0.0
0.8289265082614403,1.127676218611956,-0.6275131795056076,0.4375612484135853,-0.26084722986879094,-0.010092194337499671,0.4117073134552184,0.0,1.0
0.7308783770383415,-1.0956726963683665,1.0804355543094846,-0.7973523743406112,-1.1086454703796056,0.7228352827594606,0.5295966634600737,1.0,0.0
-0.9097659578816781,-0.2489292578213572,-1.0420580252139824,-1.3256504813612342,-0.2503414360192828,-1.702368316158719,-0.814816594473888,1.0,0.0
-4.024076564502283,-1.3075042750629875,-0.7536982064496714,-0.3618768014183787,0.6561165775395279,0.4830566916783523,-0.9850033815381253,1.0,0.0
2.2243467957546965,-0.11386631896740618,-0.015355722044763175,-1.0738131152190762,-0.4813485870175187,0.7091065368932266,-0.35334501457134354,1.0,0.0
-0.5431540410563627,-1.2984502059937342,3.1762592406499928,0.22320882274231352,1.0626594435350494,0.7958301388499779,-0.593717529477307,0.0,1.0
-0.5050234383483178,2.243291559166172,-0.3770485319153438,1.2186039437973037,-0.8156171688822436,-0.196979348651937,-0.41761156902203195,1.0,0.0
0.48327650765105334,0.9873896910985083,2.2428213065129183,0.451309820427988,0.09136266900958835,-0.45743236315938934,-0.35169542174577384,1.0,0.0
-0.6071844335335006,-0.5175506199802349,0.13298195614679992,0.9870989854147526,-0.0718514034168166,-0.4809870900189911,0.08410683504052771,0.0,1.0
-0.01580015280133313,-1.1448191199890072,0.7123708374726304,0.9620201781857727,-0.9058437183614801,0.006737257453328441,-0.0013410990676372952,0.0,1.0
-1.750037790251578,-0.31384236971571755,2.0611213334515086,0.07834354502212271,0.04303747487696846,-0.8826613588754623,0.6866131974019647,1.0,0.0
-2.262882114100668,-0.42423126001363914,-1.915280086149525,-0.009344831207445612,-1.3535706162933436,-1.177899006590088,0.10271515833762014,1.0,0.0
2.224091532927642,0.3789526729658064,2.099024724267834,-0.056689920326394846,-0.3545792031048563,0.15507164031653545,0.583438838229572,1.0,0.0
-1.6372736328869273,-1.5787953008481976,0.16933589620754572,-0.5228002911834683,0.615644195100136,-0.66812125290065,0.4319249727105396,0.0,1.0
-0.8775865361574094,-1.134504494794346,0.22262236908722371,-1.0138001956886993,0.4956939938122556,-1.2758224422994529,-0.8114247002924359,1.0,0.0
0.049507731255017125,-1.306130094805221,0.6890229092646267,1.263256287075404,-1.132526037261882,-0.5695533462419603,-0.8329892839504389,0.0,1.0
1.9055215049191738,-0.022559990092509218,0.7020346599885915,0.7544865723608097,-0.055977632869620896,2.038224409780128,-0.9741327549114582,0.0,1.0
-1.5108007773043837,-0.42022330944317704,0.15438460387643216,-0.16989507738831924,-0.36176630529308834,0.2822206103286545,0.0427836939880242,1.0,0.0
0.8715624186940651,0.087592148842953,0.5435287052112323,0.7011526881937848,2.002378777340595,-0.44600108205454153,0.11266598434956697,1.0,0.0
2.0020939016994905,-0.5349915838148245,2.1304170857706892,-0.44643375275584624,-0.04962354580612397,-1.3277479449332474,0.09100351589614844,1.0,0.0
1.987187659468461,0.548159825520202,1.9004566494629838,0.03627129079189255,-1.1531840124655373,1.225213312808734,-0.3825078173601839,1.0,0.0
1.6529379960512318,-2.2293649933402016,1.713023765232262,-0.9841062096989435,-0.19696233255589546,-0.775616482604413,-0.11133256245585348,0.0,1.0
0.5305633572400947,1.5466038057517066,1.990712231085718,0.018504439491818757,-0.15619318693334658,-0.30028778302678116,-0.006731968441625407,1.0,0.0
-1.4315196127959176,-0.2922228751707839,0.015397942061770612,-1.150339058209479,-1.7315147911667979,-0.6657210182960936,-0.2155594600684201,1.0,0.0
1.7880514154130027,0.30279283608624014,0.3640953188287476,1.306643285189744,1.2251450897723044,-0.5428005972832282,0.454477043269662,0.0,1.0
1.1522246382886603,0.7980985600107463,-1.0155753851304574,0.3132794421519739,-0.3130162993566946,1.4747255685557965,-0.28059916662250284,0.0,1.0
-3.5466220397022985,-0.32844327705750764,0.44037523000430734,0.5994336442881372,-0.6373515707778087,0.2732348314664905,-0.23570897609903577,1.0,0.0
2.038950616942393,-2.5651775850770613,1.7488807741705008,-0.9567634091670602,0.425593705902419,-0.6113348924432385,0.44391319538565743,0.0,1.0
1.6749724611571943,-0.2759284215644963,-0.15685949612307018,2.6694121474616375,0.5221996122210124,-0.6951134399136283,0.09158834586020304,0.0,1.0
-0.8687502231426014,0.7104546419440106,-0.2512609042801954,0.639563981162273,0.09852680532872754,0.6041283772111297,0.6763129135346267,1.0,0.0
-3.1202246267824996,0.3669733453291642,1.6521776449208643,0.3351277978625386,-0.3001683151630362,0.19390961080553798,-0.7342095102455646,1.0,0.0
-0.8414089289393024,2.3266652021533023,1.7451725569743928,0.06985561637935203,1.0574179616239927,-0.2181412741552284,-1.4055238098563485,0.0,1.0
3.777797891421233,2.785849016083617,-1.8198643382129815,-1.6124652213013113,0.5951898687043686,-1.3486041600580845,-0.8225480261553513,0.0,1.0
1.5659203058706812,-1.1980520345839765,1.1682836956426723,1.7898369769577172,0.48892158249045464,-1.0213595839751521,0.47637967691624744,0.0,1.0
1.337445599305948,-0.7648400503631025,1.6214754442505175,-0.21492090740593173,0.5473969978259943,0.17517136137143358,-0.5838290810031557,1.0,0.0
1.7839005646873682,-0.6519525006099411,-0.08393346076005717,-0.394080105487938,1.702860330550255,0.5762598922244557,-0.3313996869543236,0.0,1.0
1.5577091991450482,1.7176684009366103,0.854716990088656,-0.6310901188451875,0.8921520630186085,-0.0681910180979465,-1.1513177117863835,1.0,0.0
-0.4237631731130791,2.052592711999945,0.6740072991016225,-0.7170074286717389,-1.4123083726441716,-0.04683510316055237,-0.025100276732753394,1.0,0.0
-0.0008346895746128349,0.13220656154627308,0.04441249060824646,0.9369877682253802,-0.03676442032632428,-0.44740666591330563,0.014842626738888186,0.0,1.0
-1.1409557539016906,-0.5800426948017536,-1.1623607510887084,-1.0102422364113608,-0.9449887549851648,-0.03208159347170847,-0.28363634751990746,1.0,0.0
0.37764889273884894,0.09398043623221417,-0.760365678315754,-2.247268680680192,-1.1035511581928215,-1.204875782976898,0.44671757711130006,1.0,0.0
3.8851561199718443,-0.11507861677709018,-1.2339561007724438,0.1857433157449754,-0.09102477632453608,0.03891397193850588,0.8036556421446253,0.0,1.0
1.7931328314339066,-1.436796715474021,-0.6913230558412629,0.7346133068415452,-1.2213630800124127,-0.25442772486868176,-0.5564705902592058,0.0,1.0
1.3606277188880593,-0.03978731698974776,-1.0085750882129416,-0.7901184027517884,0.9965261683081723,0.2109457651541517,0.9816168930513355,0.0,1.0
-2.792495306493447,-0.6170169609842298,-1.4297824687509757,-0.9167061915497343,0.28950256823263704,0.48697288250103665,-0.5591089042336321,1.0,0.0
1.902028473403474,-0.671035366566235,0.1362684263788124,-0.13966583119294793,1.8036573924006634,-0.7671152238586033,0.15285744470199492,1.0,0.0
-1.0130840426410257,1.430677866202408,0.5646891601518813,-0.15249308944940537,-0.7798001954257474,-0.26721269345716486,-0.6694028034500557,1.0,0.0
-3.6745003615064697,-0.8659492915250567,-1.2607952677442762,0.43801648001462895,-0.8992533385663514,0.6126822090553541,0.4950713726156564,0.0,1.0
3.5869308630142442,2.156421338800687,-0.8775646528757259,-0.402223672770093,-0.30980073541252634,0.42720489122779903,0.21771744313900143,0.0,1.0
2.23874903700416,0.7921152751428903,-0.19100469142248988,-0.13820217309414407,1.2118672783967808,-0.6500669904789308,0.99147761579822,0.0,1.0
-2.7372821596157735,-0.4648874985059031,-0.35022303014045786,0.5310078963485114,0.6360866783194729,-0.6132439472541523,0.3907884955331871,1.0,0.0
-1.524183438919055,0.8619172381699176,-1.7203623512172657,-1.1389426803177731,0.09761881883047659,-0.049342011151055715,1.073507589868018,1.0,0.0
0.8848886882275924,-0.8534485471393153,0.06999888006538314,-0.3970496571389208,0.3975679965467058,-0.9811628500519517,-1.4845083230914002,1.0,0.0
2.6727055899786234,0.7683562711426118,-0.0036096712663470634,0.5757557387428489,1.208314811645247,0.05148964189617305,1.1433403137797447,0.0,1.0
0.10711638191693598,-0.26653137413770867,0.11126025067535415,0.0922835519859289,-0.03907200372675904,0.6856665342609793,-0.4457777099940622,0.0,1.0
0.5217619045172399,-0.7091900114999357,0.6150147893417451,-0.12450594615112726,0.36377438883904517,-0.2625192223773865,0.04956809469637649,1.0,0.0
-1.0498813634044648,-0.29009323738267423,1.7167674902344767,1.0947560657899553,0.009486807959621044,0.07115351534968578,0.08444749939882963,0.0,1.0
-1.280768213903249,0.722030058813583,-1.4668288469020796,-0.38662583797092237,-0.3305587534590284,-0.07537615795599702,-0.3638775101768238,1.0,0.0
4.956782252121369,1.2641802793700074,-1.0960094432627323,-1.8099963314426146,0.4285372653547117,0.1304725245354266,0.7869108697209934,0.0,1.0
-1.9456707388963927,-1.0394492298122935,-0.6899621263562894,-0.2774322131467387,-0.30490406841397544,-0.06296283464018394,-0.7093740013603769,1.0,0.0
-0.40898587584385665,0.5241570945046972,0.870764002077032,-0.25439589200987783,0.1863698730113215,-0.9219468389018461,0.5363818911468826,1.0,0.0
-2.3115011599370194,-1.335192147640996,0.6592103579955355,-0.4258822558623896,-0.7386266981860238,-1.2306486736506719,-1.0054097585575488,1.0,0.0
-2.240537891440247,-0.06931505849685884,0.8499203230939283,0.9019603956373805,0.04552983132563959,-1.6886537919825633,1.0356309996632946,0.0,1.0
0.379617280188529,-1.057556119776638,-2.358574053546087,0.3209354017946558,0.07601992838926658,1.0313883919704463,-0.865376574880134,0.0,1.0
3.065557286600844,-0.1984875489049724,-1.1709086212971476,-0.4307833320565814,0.7072256880444577,0.3158668090759797,1.7413040358181766,0.0,1.0
0.3785939372471213,0.18525356703608795,1.7880442817057511,-1.5328775241027728,0.3248812832433667,0.5636651379366068,-0.6964824558133469,1.0,0.0
-2.1621069584792343,0.027912386482543884,-0.5575669450789396,0.49353436407765167,-0.7364787231993722,-0.7860717001220289,-0.36755313495342157,1.0,0.0
1.6803201487409192,-0.3787051796758932,-0.23925870225990262,0.8715092362360861,1.2452749277827144,-1.470747285852495,1.1962757193772064,0.0,1.0
1.6310773164727002,1.7206614676022172,0.2496425312272579,-0.8984331671058081,1.3224437375612779,-0.5642398416830763,0.09315601702098546,0.0,1.0
0.71965709301371,-1.878287772973501,0.87786843911371,-0.2585067060884114,-0.66837416853983,0.6018092417867111,-0.6326773429423392,1.0,0.0
-1.5757939332707143,1.4078957248951671,0.39905203002558226,1.4858366682490367,0.5895248277165733,-0.8319033072652849,-0.19514598024001253,1.0,0.0
-2.652448415459125,1.9716734436790382,1.8491173173825708,-0.17463628041002086,-0.07584243918312562,-1.3064049742117805,-0.8320235340393967,1.0,0.0
-0.772329545578216,1.6135883491647747,0.18686898950267405,-0.02357975366596941,0.39732481820047716,-0.5160081688178639,-0.6607892909603353,1.0,0.0
-3.5650052710486384,0.5401393325962178,1.4287985093906461,0.4567982145743413,0.7269229086200024,0.5822786105685291,-0.933452360611001,0.0,1.0
4.253032040424362,1.636869481228627,-1.2716168224607347,-1.4831089279841971,-0.14570386359254622,0.44806566305991496,0.6688254093390594,1.0,0.0
1.0100183311225994,1.9969672751888297,-0.09103520795449914,0.1654766073884236,0.5466942200522374,-0.24601471895149266,-1.0861448449134494,1.0,0.0
-1.5957671172784722,0.7484462600243813,-0.3589239844006369,-0.29740426528054753,-0.3361321263488397,0.3361679388448584,-0.6394333728710844,1.0,0.0
-2.0027644209312543,2.601042258662231,1.6744354724002575,-0.6998980115101588,0.08316270842405427,0.3119356365478375,-0.9829169649356201,1.0,0.0
-2.5235911042579233,0.3894077055376503,-1.1733178210732023,-1.1203971959478949,0.058302615559535156,0.7409196810551754,0.38795479228543134,0.0,1.0
-1.043959145646558,0.8348109739815106,-0.11078390293941084,-1.2450834445852,0.5786262429791044,-0.613628579848951,0.11324300425399085,1.0,0.0
0.1869659949385042,0.13797132351629343,-2.212372217389066,-0.8136416101681406,0.4546326686594617,0.49451346812211117,-0.02725070907232249,1.0,0.0
-1.0445947572453267,-0.6491943936913313,0.5236332469164655,0.10035978690577795,-0.49114952318431243,-0.19861506342332336,0.5563311549128149,0.0,1.0
0.0364154721946983,-1.5291295639701472,-0.08196625461863746,0.2901246871495757,0.7789377404101943,1.1697310278210253,-0.941304702559851,0.0,1.0
0.4756364738635127,0.29816644038957557,0.5574908477658155,-0.40722737571661305,-0.6372852567651549,0.4582832797646655,0.00482457542547283,0.0,1.0
-3.5439241446949357,0.931410718758062,0.9097236928164426,-0.6581418431383941,1.4989901390585558,0.10603022945517435,-1.2228285503888598,1.0,0.0
-2.653977358578407,0.0771549005579056,-1.4520631831265303,-0.89136118964059,0.8699539392455164,-0.7130208452379801,0.3498116918214472,1.0,0.0
0.37924086476869706,-1.1029696221129184,-0.030098310431489868,0.2549361106070223,0.5453957397630148,-0.3037848967562353,-0.7934186183632734,1.0,0.0
-1.0499075938621278,-1.1912426571862147,0.2208757133344315,2.174027437004722,-0.15382782984309504,-0.8716013683230841,-0.038123531942706144,0.0,1.0
1.286852040182603,0.3949036514625004,-1.7871576152872448,0.4301332003972868,0.029550114432483326,-0.4633024533331146,-0.33421138559176305,1.0,0.0
0.3326158796811738,-0.8344365942120621,0.2008616682240071,-0.034823190874790216,1.2571276096298107,-0.24263351323399496,0.46280521257043095,0.0,1.0
-0.7859996942743577,0.210336732094536,-0.5306625839150919,1.02597284864154,-0.8647513673011402,-0.5796112877650821,1.0443046947991617,0.0,1.0
-1.0127431768579531,-1.4555425416239458,0.9452552107631075,-0.06844582330193114,-1.190891337696758,-0.1481472316316403,0.8303939425232129,1.0,0.0
2.6324347983510323,1.0221916377048912,-0.37417880316580154,0.640758044707396,-1.0494367664616226,0.2684563792018113,0.9106335917659195,0.0,1.0
-3.2804267346094638,0.08118495093110477,-0.7261496753418506,0.735460885396217,0.016435803657222494,-0.3336019326067687,0.37893926199913275,1.0,0.0
1.4397122891228828,1.7550812129289741,1.4487765269957273,0.1815547326945218,-0.690323883454004,0.1663425852596952,-0.18452511072464833,1.0,0.0
1.5865058037254445,0.1650057461665288,-0.9858238305578292,2.1675997519939796,0.4826620744001212,-1.6390916759525467,0.7282538866986827,0.0,1.0
0.15654349067858253,0.10992311622158578,-1.8343090573472338,1.1998338899873717,-1.9114492498286857,-1.375008023224578,0.8465270433209094,0.0,1.0
-0.3392993897028103,-0.9736450385987467,-0.8181377104512497,-0.9568938262876476,0.19999092183917985,-1.1353145912609581,-1.0939214560631476,1.0,0.0
-2.3572891349911074,-0.23772573802479427,-1.9718033373180146,0.35665573091899994,0.12220506849907789,-0.1977523670318082,1.4950216440687942,0.0,1.0
-2.951791880003788,1.3586172465080593,1.1999098443457368,-1.2048839347302318,0.7464243355328157,-0.01698134670248489,1.0789508721377643,0.0,1.0
0.05501433936028322,-0.12713588432025194,1.3955364653880695,-0.6451566466364786,-0.5145695314580262,1.1726334776381353,-0.6629823056773908,1.0,0.0
0.636901130362574,3.2044413437693655,-0.017425469875540466,-0.3194007737004559,0.1374991221051236,-0.5876379046168687,0.1332844159206552,1.0,0.0
-2.406165605746222,1.9882954279233305,2.9699548704220415,-0.11057794452159943,-0.008100883507446926,1.4088822029043024,-0.4900756780429743,1.0,0.0
-3.550127711525235,-0.503492502714891,-1.7182236808179034,-0.31036350722027023,1.5050668617431229,-0.21422785086080243,-0.27487628463389285,1.0,0.0
-0.19089362227086487,-1.306053038234601,1.680532533490603,-0.7912395704013054,-0.2558766964719669,0.4896579778184436,0.45616484055856693,0.0,1.0
-0.8710581429504681,-0.8249327292688108,0.9364466446775116,0.5265109864279471,-0.029221785432774455,-0.25270236674712304,0.23332441772905343,1.0,0.0
0.4731751655653215,-1.6060603286477066,-0.008644460511921595,1.249000854959458,-0.7507569644966962,0.5320187878087687,1.3092112886649896,0.0,1.0
-1.8321884468719078,-1.731940198393271,-2.0075663073969334,2.059979698253054,-0.7878601510402405,0.08405364387370014,0.7261467726220416,0.0,1.0
-1.160767040100617,0.7191439073161743,1.3589067090245048,0.10499919214892968,0.2722217795391743,-0.03223027271633526,-0.38952642126973297,1.0,0.0
1.1215971307677364,-0.7141666502607047,-0.44001080581238544,0.28518464617235306,1.707437944644666,-0.8491898307851188,0.30174850114365637,0.0,1.0
5.478062267890752,2.573700709663172,-2.569354486289196,-0.014679770609170037,0.03131202589492237,-1.2624550245332953,1.129890941353098,0.0,1.0
-0.8842743163857536,-1.3680931638447376,0.4755136470535009,-0.20015073591134594,0.5689180812193758,0.6208573861242455,0.7635064802975743,0.0,1.0
-2.113712388020659,0.8349651676833304,-0.04012731652767906,-0.5719197635010258,-0.28765205642058667,-0.8867565511245562,0.1482726949047981,0.0,1.0
2.4245099731047857,-2.065282513150747,0.7519943865024485,-0.5962068521522389,-0.746882082853178,-0.05712797442197437,-0.24137098177272723,1.0,0.0
1.5714110876609049,-1.530813518711782,0.85718164638861,-2.667033277442748,0.12607441377111886,-0.04951325392824848,0.8020210477575237,0.0,1.0
-4.363890425324809,-0.22854596777475514,-0.3312911383956748,-0.3808098500363484,-0.8208055911952691,0.6589464889286029,0.33186374753483855,1.0,0.0
3.5523294252396815,-1.965690889465629,0.8026246651904558,0.04728638900796854,1.9911501624663923,0.17246104223236064,-1.1649585594535474,0.0,1.0
-1.5729501158955492,1.7640638978714975,1.4929147255162845,-0.3936417251172997,1.7753735902738397,-1.6308753238212685,-0.6655712436961084,1.0,0.0
0.3621086918312325,-1.7436884123223153,0.43197921699191744,0.25825361852062917,-1.032382894992234,-0.1286333134017405,-0.5865585053213871,0.0,1.0
-1.5438355907804564,0.6750538982546718,0.0578920156060089,-0.3052309860107424,1.0440933262487961,-0.3498799709262907,0.861370834057246,0.0,1.0
-2.0585641559536754,-1.2324907144454644,-0.46375073070740236,-0.9335519505080402,0.400829937352988,-0.005820973582462371,0.541692775303839,1.0,0.0
-1.2246676670803607,0.14693583827153436,-0.05204959892923364,0.14165071898265746,-0.9661721674593866,0.44037603249935087,-0.46807255460186065,0.0,1.0
2.2761000618476803,1.8532173484148413,-0.7344586976050167,1.0347917757971081,-0.9563075469857131,0.1563162543062646,1.7677053578916464,0.0,1.0
0.7216300110623743,-0.8542248106731374,-0.780323225304987,0.3663510295098167,0.3873940433969012,-0.21334355445624884,-0.24769252895707067,0.0,1.0
-1.0439667440327756,1.653686702214812,0.8425464845224543,0.2572080630100452,-0.620248729235539,-0.7145714001491849,-0.28040290675373825,1.0,0.0
1.0344066031536039,-2.08256913067517,-1.2583570586929431,-1.8073009512535227,-0.7962570372755061,-1.4006509716905724,-1.786112187888529,1.0,0.0
-2.3557664719653615,1.1129881376977244,-0.5330008557895906,-1.3231085894016372,-0.9713986937115917,0.7934167933435239,-0.040022376123651254,1.0,0.0
0.8738332527465615,-0.12602855590394066,-0.6484238627443968,-0.1875043577471228,-0.8734018766804221,-2.368381973250178,-0.5487112661602079,1.0,0.0
-1.557430289754935,-0.6052219906713043,-2.087725692056932,0.2691804263033995,1.1897739851390887,0.24169848878397351,-0.2220338419440681,1.0,0.0
-1.3310645178143787,0.728699046790596,0.7874263647620839,0.3541447670885533,0.4383084669013204,-0.22044357244875526,0.08821000205420618,1.0,0.0
2.501468656917007,-0.36394845528216435,-0.3807740376570927,0.3027936873834443,0.9338606258839813,2.3294818584665182,-0.45111997926434666,1.0,0.0
-1.8402879742632636,-1.2209270344629672,0.4760289177492179,0.9021059470321616,0.6331787544009637,-0.40595870460432043,0.7293640667434446,1.0,0.0
0.18741597975215607,-0.059404776835033306,-2.238599983420249,1.281361118326959,-0.6239853309675597,0.8256504409296758,-0.11867038026101256,0.0,1.0
-1.0326566605261076,1.0829028910323832,1.2285319242175095,1.067878385960969,-0.5555614368974554,-0.4021505913206134,0.6346660647706627,0.0,1.0
0.5367498784140364,-1.0285480926993789,0.58739742811322,-0.13028657991887554,-1.492084402796869,-0.41280104794170985,0.49209379814939447,0.0,1.0
0.6051683744168943,-0.27980871845971517,1.2841679318878876,-0.9485861851395647,0.3105016766763503,0.05030163192590613,-0.6856944948096094,1.0,0.0
-1.0961800038124971,-0.0550915716338628,0.8011953353087434,0.7254771800318277,-0.34298318106419357,0.1487519541934761,-0.009977198109585817,0.0,1.0
-0.789502003819102,0.7736092827831906,2.3811497745434202,0.43305762476712384,-0.17673525221586828,-0.02675746977796657,0.7473614976345266,0.0,1.0
-0.03914896976578998,1.1460042615318964,-0.9484812792181838,-1.2942439189028319,-0.10802511433077558,-0.528337347856009,0.29143267982761456,0.0,1.0
-1.3510444054613095,1.3150677288898132,0.2617596625463734,-1.0677136396533906,-0.656166153525034,-0.1122578788153621,-0.1003850512104094,1.0,0.0
-2.8846083898052273,-0.7957326806228301,-0.8704907048943352,-0.05528992617306781,-0.21655225183500015,0.34346924139407525,0.6085309925437166,0.0,1.0
0.6986935955437295,-0.8058083610704536,-0.8606095471351993,-0.3904871511556249,-0.14568323294850827,0.6241557304603326,0.6641053781779167,0.0,1.0
-2.8809435459034174,0.8784476457150516,-1.8947579029016892,-0.4395828573939227,-0.05609453993601825,0.6419881277274309,0.12898505758767975,1.0,0.0
0.060235492227523564,0.8301839380345167,-0.38298706846208064,-0.6833532499918514,1.2088616703233621,-0.734909735378638,1.1968939609468623,0.0,1.0
-1.0347249134485013,0.2075477800223681,-1.0511970789559326,0.4561273540319934,-0.41049602749568415,-0.25632431526942817,0.14075983142348525,1.0,0.0
2.288802236941919,-1.1922326800670664,0.5189667314264852,-1.8939133520218903,-1.5474707370829779,0.11140248029857784,0.07704374240709266,0.0,1.0
3.26350008777374,0.9468511627033915,-1.0802860431256491,0.6556018181713243,-0.0017545566897386752,0.3958851900645391,-0.04368301147185731,1.0,0.0
2.4544292554493357,0.043378395423724105,-0.537517390992841,-0.34543977205968673,-0.2895836271166275,0.11914435393202809,0.7593305314620495,0.0,1.0
-3.4087529846928826,1.1099926364258679,-0.8666620644400628,0.8763935170270359,-1.3827021896060807,-0.15316087315128515,-1.0475963438648435,1.0,0.0
1.4905584671421486,-0.27519441024101227,0.26248261717456206,0.9480055435837468,-0.4436993596455839,-0.20973546836793122,0.03227382538002929,1.0,0.0
-2.8372651087110263,-1.9643693502532988,1.491038729687491,0.1748960858403675,0.8649679268972899,0.024252879513940638,0.6267595649194785,1.0,0.0
-2.373856613193702,0.39777570680310037,1.1668486802526012,0.26354733164257,1.4432856069903484,-0.9181523538768519,-0.38724333236521463,1.0,0.0
1.978804195120035,1.078542894323923,-0.5239221566890216,0.2661461681622403,-0.17124911591787995,-1.0620912405999128,-1.2862454649429975,1.0,0.0
-2.0982053185150336,2.3864715605104654,0.14492770955590642,-0.42734778054625255,-0.9842914477821584,0.024195964900712054,0.07793329200579317,1.0,0.0
1.5895150624425072,2.0212023479892727,-0.6977549801074406,1.0375542380295122,0.4696123832341339,-1.1890118782426549,-1.1088532798745456,1.0,0.0
-0.8510441653924914,-0.0711976220348123,0.9872486991832914,0.38231665036537926,1.200346645767384,0.5304584447638693,-0.27111906834560795,1.0,0.0
-2.990538804406045,0.695758647481143,-0.08255329647579929,0.5071658167209536,0.04287852019914054,0.13241818738141636,0.8328742887266627,1.0,0.0
1.6051960279429631,1.0688988186086241,1.1122424056607305,0.5109255976191219,-1.6394282691699646,1.1503034078735306,-0.45434393829853287,1.0,0.0
-4.1696142540714405,-0.5792097211034949,0.20019512055599237,0.36695825266737647,0.06608845085327399,0.43762001710854215,-0.33682707827049774,1.0,0.0
4.794791589029733,-0.8511639831197138,0.27982088869530225,1.1833369735564587,-0.1621650814934191,0.4256315921066721,0.025426018846199706,1.0,0.0
-1.6074408123046129,0.6929419997216731,0.4310714920216386,-0.2735112572445565,-0.15880934923889822,1.3252100162214946,0.35856735312505533,0.0,1.0
2.6772306760611784,-1.668490078394442,0.6332785774283426,-0.7364437931376905,0.686881630394022,0.5522562506949269,-0.619378423200802,0.0,1.0
-0.8414719776769549,-1.2209518524209695,-1.6494786404539914,-0.11599102004153135,-0.23803892283708747,0.4453773972843909,0.3243249484313319,0.0,1.0
-0.6410105633788338,-0.36166559843787094,-0.2020570292789747,0.9923539813762143,0.7042765689264876,-0.452850088653244,-0.11111621159849733,0.0,1.0
1.1387597084386023,-1.4129053990396865,0.06392377875677474,-1.3180635163735792,0.19586744377234802,-0.41363009907135995,-1.3579199417073506,1.0,0.0
3.195879744514909,0.49098317803950947,0.385423292877889,1.2547889182265173,0.5437580258270799,1.2139495454915812,-0.2702344044991073,0.0,1.0
0.3611295594237328,-0.25815348051332015,0.7160104475716549,1.0297823585525558,-0.8193160549509733,1.1177301715760175,0.33253333892176595,0.0,1.0
3.720541266150662,0.4662025439291563,0.11543701078272965,-1.250974756000786,-0.7661580140933586,0.7257309497325483,0.37883664797303207,0.0,1.0
0.4735864267737769,0.29440288208308957,0.771436766681156,-0.5921791227626708,0.3878291363308085,-0.09696014113277611,1.6513569943429385,1.0,0.0
-2.18926896265293,-0.055157526890481055,-2.2540670785029477,0.6266714683769715,0.5757303720541174,0.8652445951916015,0.0499452648427078,0.0,1.0
-2.139905301801084,1.0211144914140462,-0.8066329210958919,-0.1884664953161564,-0.30017152990924945,0.8474617590944628,0.22882917072262593,1.0,0.0
2.2019846136626384,-1.1346307396412447,0.41106850839033,0.29336412266563255,-0.43407859911712904,-0.8889333032416127,-0.3203135616448868,0.0,1.0
-1.6105722081339415,-0.19194663182969177,-0.10760721799344754,1.5278345095725379,-0.4263560671037989,-0.19434335642307604,-1.3233244962745332,1.0,0.0
0.8439905434050307,-0.3271018875650735,1.2175179453012615,0.6760086235627388,0.7899689756864771,0.3279371531956348,1.0152306189293032,0.0,1.0
-2.4969273393937943,1.6843923238641956,0.1099002515757017,0.7816208429590347,-0.6007539012082772,-0.08541511447763686,-0.32849838260032727,1.0,0.0
1.2126092547383525,-1.0001646231236045,1.267707980851586,-0.9928597777736988,-0.3282447770924017,-0.9525925260607373,0.9036505850295666,0.0,1.0
-1.1039503662329904,0.3666328424567248,0.7428534171208491,-0.32188022180336584,-0.021079541235097872,0.0503615738194484,-0.3622402030708806,1.0,0.0
-1.6476112727961367,-1.0368886339314718,-0.10426925248518372,-1.5292757661735144,-0.25289713957537585,-0.7772123369434814,-0.29647051896594523,0.0,1.0
2.885065585105109,2.4913623003083996,0.621893514040017,0.6960302556204833,-0.9115400037467863,1.0359388946838657,-0.7152200003799634,0.0,1.0
-3.30259428400748,0.6516026658707581,-0.10581915694059961,0.28436982165098373,0.5752590871921331,0.04150618753558777,-0.713076841644716,1.0,0.0
2.347120124952265,-2.92417260109422,-0.7405370429096603,0.17662080090016316,-1.2487015489082502,-1.2975000658663602,-0.0152548660944376,0.0,1.0
-0.9452599730603056,1.8650739011923878,0.7247343195745086,0.08740564365224923,-1.5099700859321967,0.6364212175528213,-1.0681556828015684,0.0,1.0
0.32183695947925367,-1.2415878267362492,-1.661486094560694,-0.406459869078285,0.42937034052572043,1.6331188867403486,-0.08322675227337428,0.0,1.0
2.0127911139400303,0.11990696384738046,1.4146462635777455,0.9710316022101696,0.47334866876181847,1.4237481679727666,1.2044032382529435,1.0,0.0
0.18413710249208703,1.8253516155213363,0.8731509150347397,0.8139215576230819,-1.0431741456099317,-0.8325561199204299,0.950831488711376,0.0,1.0
-0.4628600516112119,-1.201549814346867,0.7013547167715332,1.0621744596575735,0.7126282205137794,-0.1459775830142413,-1.0482752883771809,1.0,0.0
1.3777141373997985,-0.6618883565331064,-1.039024284377252,-1.7066177714485573,0.09008636861644895,-0.8840613922799946,-0.6793940120358636,1.0,0.0
1.7786295223618167,-0.35678340858634955,-1.874779528248723,1.3170756824243002,-0.1168965049460741,0.8956466961705217,-0.24147893386969174,1.0,0.0
0.4131079915084916,-4.0544468142827705,1.3397838755598697,-0.09375628418595008,-1.9223425759449724,0.274067202583862,-0.7047591479522699,0.0,1.0
2.4025029978892998,-0.5155902001828009,-0.8014764350531233,1.0495378923850225,0.3216574490740694,-0.12940247692181533,-0.9481564202790606,1.0,0.0
0.21673208309957165,1.0971719012651773,-0.9555562292732763,0.8196149041270324,-0.47062884243863584,1.246206163705946,0.5923280669547953,1.0,0.0
-0.9871676036429227,0.5678315608676668,-1.8189894458406113,-0.23565068678503334,-0.4749220074223423,0.4588589490310613,0.31018484197038937,1.0,0.0
-1.9220911679464043,1.3368311705551632,0.37649960763179036,0.2590804644933556,-0.5840309710496168,0.23283614511445103,0.22503172534525395,1.0,0.0
1.647713650678257,-0.9215459297333464,0.5296519025914526,0.755720673273149,-0.13532350213195818,0.11717567994375257,1.036655031196006,0.0,1.0
-1.1392649962368844,-0.12793263181503386,-0.11851337741084804,0.9460337425860128,-0.5986839372686028,0.3050591319499315,0.8205937407048185,0.0,1.0
2.577238264878007,0.49708182575998633,-1.919518559547186,-0.06045892791728133,0.30625604324548733,1.0407560169024332,-0.37356860076287685,0.0,1.0
-0.45204746351746466,-1.0991817164042281,1.0404419051021607,-1.2239153679983819,-0.9883493039765393,-0.029736596950912506,0.5876386154228254,1.0,0.0
-0.23653424008687818,0.1514121602607344,-0.2569207421228072,-0.43963617865249943,1.230197890017366,0.06285856175368429,0.042443087108289305,0.0,1.0
1.5447059035212654,2.354925768063043,0.8254937333458541,0.3903075324936877,-0.09341386156655186,0.7555273648624962,-1.5384019372877578,0.0,1.0
1.1852655047369638,-1.0291139206300244,-0.12199663337383065,0.7689183154260988,0.3238065020672765,0.2243564177528617,0.43184114068581897,0.0,1.0
-0.17301467160733183,-0.4940229351955341,-2.243251497104935,-0.1522528095594324,-0.010129600899280292,0.5802031810377712,-0.16706206070162538,0.0,1.0
-2.672845862077814,0.41696682268588514,-0.29255364834655995,-0.015470043580907488,0.7890012633359786,-0.04681136502226309,0.2956601236884806,1.0,0.0
0.9675414562940342,-0.668887328184443,0.16894517570954207,0.4877440175656452,-0.38884676669886614,0.6379608160857602,1.1507743094784877,0.0,1.0
2.409624172190879,0.13204401268542706,-0.4539242785224766,0.6195398273489129,-0.21258589216088203,0.23102515226022433,-0.028582525821160557,0.0,1.0
-1.5000530311811175,-2.402671828098978,0.13932521036661674,0.730821640299329,0.5109846428206551,-0.2431204721173273,-1.0627598851406796,0.0,1.0
1.9464367870847221,0.6615480587287281,-1.8801565461386665,1.2068478150708914,-0.9595214143859228,1.0044723646303886,1.0890857760822006,0.0,1.0
-0.06338823484114214,0.12973556960042515,-0.9075137850889202,0.1744866023006149,0.3411843879182808,-0.6223320048093005,-1.1701322016768971,0.0,1.0
2.0789199013908854,1.3971311684266676,-1.8301285742968034,0.6374587611125873,0.45051616235282543,-0.46009527395000016,-0.5773780811445307,0.0,1.0
-0.3728103653030051,-0.2217256182365543,-0.5576901873831203,-0.6246994885831826,-0.9220018122266764,-0.19611997847273205,-0.39013722805010664,1.0,0.0
-3.0776454647153373,-0.5325860417768307,-0.8197598316920314,-0.8483370313651406,-0.05292501639486297,-0.25540497324252187,0.9396749692385467,0.0,1.0
-1.788094389319497,0.0186874804109125,-0.27586613257874537,-0.5435878141075065,2.120740699684661,-0.9208162145790363,0.011206082458929045,0.0,1.0
-1.5796144086422073,1.2059303219816115,0.7960850236749945,0.07843781972034837,1.2422709337147284,-0.5409881851845941,0.922041579358429,1.0,0.0
0.01979972072147163,2.0482511690802077,1.556169971636526,-0.15651254429720107,-0.4652357046677204,0.8145728588846467,-1.0737438965518786,1.0,0.0
-3.0081717296431956,0.13428921001468974,1.0525617037792152,0.0638767308819495,-0.20649388102276686,-0.3661971705398545,-0.35898888623823244,1.0,0.0
-3.2939985554265494,-1.3103529126874105,-1.4543071250704505,-0.817352614934853,-0.5906049972884451,0.31429599971261274,0.6960567014862713,0.0,1.0
-2.647984628563537,-0.31205412129378013,1.096679680488768,-0.46610621675667824,1.2617529664002203,0.5165226297786275,0.24764033117913897,1.0,0.0
-0.19861966982094154,-0.5075188299511064,1.5552791759049653,0.9142146982950291,-1.2772392783943993,-0.6957334900764982,-0.30133767221198754,1.0,0.0
-0.069355135197789,-1.0360395398178968,-1.1566306123724241,-1.1790236534405032,0.28783633210001375,0.7165509546930038,-1.3583944409932185,1.0,0.0
1.5512047090909329,-0.3616732487360452,0.41371916087289967,0.4427616956217754,0.5478445578064628,-0.36792175091159024,0.5503749433758943,0.0,1.0
1.6782899806436773,0.10603492323110006,-0.3069886742266359,0.2560387843022706,-0.2830166552916038,-0.5055697248931418,0.31176482147528206,0.0,1.0
3.9371861164657114,-0.830863160611087,-0.9238453255637693,-1.864197772437597,-0.406858372099977,0.7310960920112043,0.2650688315464144,0.0,1.0
3.646022215523785,-0.5122456799982558,0.23174044672909697,1.30407977920697,0.9544284121446561,1.3981804001028564,-0.5030799995544057,0.0,1.0
-0.7692135184723802,1.3541666338620513,0.8031129869204704,0.8732067835956145,-1.1170067302999949,0.1655258642048611,0.12160563908643814,0.0,1.0
3.6598119905606192,-0.41557935069233504,0.9935152193017514,0.7542573423108853,1.8684282264036904,0.40078206262461086,1.1089588105538306,1.0,0.0
-3.29733762775999,-1.0126764577371816,-1.6755640657270978,0.31292730096043686,0.060904721221857375,1.2006117853264984,-0.1650403528185252,1.0,0.0
2.6754094484344906,-0.4707920737922423,0.614621895852748,-0.30823949837999404,0.7656055075935684,-0.6719734865182801,-0.9644620914307963,0.0,1.0
